{"cameraMode":{"drawMode":0,"name":"Shaded","section":"Shading Mode"},"sceneLighting":true,"audioPlay":false,"sceneViewState":{"showFog":true,"showMaterialUpdate":false,"showSkybox":true,"showFlares":true,"showImageEffects":true,"showParticleSystems":true,"showVisualEffectGraphs":true,"m_FxEnabled":true},"in2DMode":false,"pivot":{"x":1.0244135856628419,"y":0.04201123118400574,"z":-0.047560036182403567},"rotation":{"x":0.0012500553857535124,"y":0.9982103705406189,"z":-0.05545780435204506,"w":0.02246408350765705},"size":0.09084469079971314,"orthographic":true}